{"train/box_loss": 0.98112, "train/cls_loss": 0.70624, "train/dfl_loss": 1.11992, "_timestamp": 1682171930.8353271, "lr/pg0": 0.0006940000000000005, "lr/pg1": 0.0006940000000000005, "lr/pg2": 0.0006940000000000005, "metrics/precision(B)": 0.8256, "metrics/recall(B)": 0.65917, "metrics/mAP50(B)": 0.73368, "metrics/mAP50-95(B)": 0.50171, "val/box_loss": 1.14502, "val/cls_loss": 0.79461, "val/dfl_loss": 1.0917, "model/parameters": 3014748, "model/GFLOPs": 8.215, "model/speed(ms)": 1.743, "_runtime": 8488.697842121124, "_step": 49, "train_batch1": {"_type": "image-file", "sha256": "7e1592ab41c976951efc60c640af0513521e8248525f11dbd73a1b1bf71950f0", "size": 677197, "path": "media/images/train_batch1_2_7e1592ab41c976951efc.jpg", "format": "jpg", "width": 1920, "height": 1920}, "train_batch2": {"_type": "image-file", "sha256": "a7fc68091506e655d2016c88f78d93d5f9242802eea5b70c5338f50eec2edd94", "size": 739591, "path": "media/images/train_batch2_2_a7fc68091506e655d201.jpg", "format": "jpg", "width": 1920, "height": 1920}, "train_batch0": {"_type": "image-file", "sha256": "9c3f134cbf857924636d1e9a6658e1422f069b2eeafbbded568dafaf94f903a4", "size": 746216, "path": "media/images/train_batch0_2_9c3f134cbf857924636d.jpg", "format": "jpg", "width": 1920, "height": 1920}}